Date,Name,Year,Letterboxd URI
2024-09-23,Mickey 17,2025,https://boxd.it/q1Dk
2024-09-23,Eyes Wide Shut,1999,https://boxd.it/2axs
2024-09-28,Harakiri,1962,https://boxd.it/1NTU
2024-09-28,High and Low,1963,https://boxd.it/1RSc
2024-09-28,La Jetée,1962,https://boxd.it/29Sk
2024-09-28,Satantango,1994,https://boxd.it/1j9M
2024-09-30,Funny Games,1997,https://boxd.it/1WKM
2024-09-30,Cure,1997,https://boxd.it/1blA
2024-10-12,Seven Samurai,1954,https://boxd.it/2axi
2024-10-12,12 Angry Men,1957,https://boxd.it/2auI
2024-10-12,The Thin Red Line,1998,https://boxd.it/1ZTM
2024-10-12,Inland Empire,2006,https://boxd.it/28d6
2024-10-13,Avatar: Fire and Ash,2025,https://boxd.it/2W7s
2024-10-13,Avatar 4,2029,https://boxd.it/6rz4
2024-10-13,Avatar 5,2031,https://boxd.it/dKrC
2024-10-13,Dracula,,https://boxd.it/tQCo
2024-10-13,Untitled The Batman Sequel,2027,https://boxd.it/umDy
2024-10-13,Frankenstein,,https://boxd.it/Ecsg
2024-10-13,"Die, My Love",,https://boxd.it/D5cI
2024-10-13,Bullitt,,https://boxd.it/zB3A
2024-10-13,A Real Pain,2024,https://boxd.it/CjNG
2024-10-15,The Thing,1982,https://boxd.it/294O
2024-10-16,Daisies,1966,https://boxd.it/LZk
2024-10-16,Martin,1977,https://boxd.it/1tJ6
2024-10-16,Sherlock Holmes 3,,https://boxd.it/9riy
2024-10-18,Dogville,2003,https://boxd.it/2a8W
2024-10-18,Ran,1985,https://boxd.it/1Tlu
2024-10-18,Woman in the Dunes,1964,https://boxd.it/1JNS
2024-10-18,Paths of Glory,1957,https://boxd.it/29b6
2024-10-18,Stalker,1979,https://boxd.it/28PO
2024-10-18,Incendies,2010,https://boxd.it/Msm
2024-10-18,Memories of Murder,2003,https://boxd.it/1TSo
2024-10-18,The Handmaiden,2016,https://boxd.it/948A
2024-10-18,The Battle of Algiers,1966,https://boxd.it/1IRY
2024-10-18,The Ascent,1977,https://boxd.it/Eew
2024-10-18,My Name Is Joe,1998,https://boxd.it/20xs
2024-10-24,Deliverance,1972,https://boxd.it/1VGk
2024-10-24,Mikey and Nicky,1976,https://boxd.it/iL4
2024-10-24,Le Samouraï,1967,https://boxd.it/22ZI
2024-10-24,25th Hour,2002,https://boxd.it/28LC
2024-10-24,All About Lily Chou-Chou,2001,https://boxd.it/1JP0
2024-11-24,Dune: Part Three,,https://boxd.it/ImWe
2024-12-05,Mishima: A Life in Four Chapters,1985,https://boxd.it/1sBA
2024-12-29,The Cranes Are Flying,1957,https://boxd.it/169Y
2025-01-01,District 10,,https://boxd.it/bCG6
2025-01-06,After,,https://boxd.it/PEpm
2025-01-10,Man Bites Dog,1992,https://boxd.it/1X7Q
2025-01-10,Henry: Portrait of a Serial Killer,1986,https://boxd.it/1VCM
2025-01-15,Yojimbo,1961,https://boxd.it/1SRY
2025-01-16,Flight Risk,2025,https://boxd.it/GzHW
2025-01-16,The Accountant 2,2025,https://boxd.it/wOm0
2025-01-21,Pusher III,2005,https://boxd.it/1U7e
2025-01-21,A Short Film About Killing,1988,https://boxd.it/1VtK
2025-01-26,All Quiet on the Western Front,1930,https://boxd.it/2b2g
2025-01-26,Wooden Crosses,1932,https://boxd.it/1gtO
2025-01-26,Richard Jewell,2019,https://boxd.it/99Mg
2025-01-26,Sleepers,1996,https://boxd.it/29xw
2025-01-26,In Bruges,2008,https://boxd.it/20n8
2025-01-26,3-Iron,2004,https://boxd.it/28WK
2025-01-26,8½,1963,https://boxd.it/2aqm
2025-01-26,Yi Yi,2000,https://boxd.it/1vCw
2025-01-26,Mirror,1975,https://boxd.it/28Q8
2025-01-26,Gummo,1997,https://boxd.it/1H0Y
2025-01-26,Super 8,2011,https://boxd.it/dVI
2025-01-26,A Civil Action,1998,https://boxd.it/1YIS
2025-01-26,Searching for Bobby Fischer,1993,https://boxd.it/1OmW
2025-01-26,The Legend of Fong Sai Yuk,1993,https://boxd.it/1Iiu
2025-01-26,Inside Llewyn Davis,2013,https://boxd.it/34Ro
2025-01-26,Hero,2002,https://boxd.it/2bcq
2025-01-26,A Touch of Zen,1970,https://boxd.it/SFm
2025-01-26,Rush Hour 4,,https://boxd.it/E6yW
2025-01-30,Jiro Dreams of Sushi,2011,https://boxd.it/2ONU
2025-01-30,Local Hero,1983,https://boxd.it/1Uiw
2025-01-30,The Straight Story,1999,https://boxd.it/2ass
